Plant,concat,loc,Block,ID,species,Category,adaxial_density,abaxial_density,ab_ad_density,B_end_points,M_end_points,T_end_points,B_branch_points,M_branch_points,T_branch_points,B_areole_num,M_areole_num,T_areole_num,B_skel_length_new_mm,M_skel_length_new_mm,T_skel_length_new_mm,B_areole_area_new_mmsq,M_areole_area_new_mmsq,T_areole_area_new_mmsq,B_vein_dens_mm2,M_vein_dens_mm2,T_vein_dens_mm2,dry_shootsG,Photo,Cond,WUE,Fo,Fm,Fs,Fv,FvFm,palisade_layers,palisade_max_depth,palisade_min_depth,palisade_area,spongey_max_depth,spongey_min_depth,spongey_area,Palisade_spongy,adaxial_max,adaxial_min,adaxial_area,abaxial_max,abaxial_min,abaxial_area,area_cm,perimeter_cm,dissection_index,LMA
31,31B,B,1,PI 257240,juncea,hybrid,7.62E-05,0.000124654,1.636363636,243,203,152,419,383,272,108,100,69,213.4784505,202.7710366,169.6711132,0.300232754,0.314137167,0.43967563,2.430837499,2.244981507,1.554641103,0.4,20.130909,0.24442247,54.17819202,531.2636719,1127.6521,874.4997559,596.3884277,0.528876262,2,206.94,174.019,184892.018,110.548,94.07,98813.645,1.871118285,45.991,9.479,25640.069,27.145,3.527,19098.632,85.721,51.667,5.580455264,3.662763348
72,72B,B,1,CGN17374,napus,hybrid,0.000103878,0.000166205,1.6,145,228,164,466,690,508,166,239,176,110.2356001,178.705166,160.2695977,0.058526502,0.074776813,0.107806225,13.94529306,11.54200929,7.86135373,0.14,20.016449,0.37156849,NA,345.6181641,682.6242676,533.8911133,337.0061035,0.493691947,3,141.093,106.996,121689.234,89.359,41.152,59147.436,2.057388151,34.392,9.406,20818.753,21.164,8.377,20216.866,45.49,51.712,7.667139522,2.844991233
101,101B,B,1,CGN07129,oleracea,parent,0.000214681,0.000249307,1.161290323,174,255,345,284,700,993,78,239,342,67.20161203,126.9279389,129.4379294,0.041018101,0.033850694,0.01751093,12.62722724,NA,NA,0.2,NA,NA,NA,NA,NA,NA,NA,NA,3,96.411,77.852,86050.378,86.131,65.238,77372.01,1.112164179,32.341,12.283,19646.862,23.197,5.291,14628.805,37.153,37.338,6.125677203,3.003734332
113,113B,B,1,CGN06619,nigra,parent,0.000103878,0.000221607,2.133333333,287,284,261,834,689,565,288,214,160,301.7931484,272.8840829,247.3601493,0.12128295,0.160051491,0.214175874,6.462167246,4.811688737,3.677482444,0.11,28.086455,0.39059258,138.8189695,NA,NA,NA,3.820800781,NA,3,138.459,97.038,120276.277,54.738,25.634,42859.165,2.806314052,44.982,14.109,26622.217,31.746,7.11,19460.23,29.943,48.124,8.794558922,2.937774962
140,140B,B,1,PI 470241,juncea,hybrid,8.31E-05,0.000228532,2.75,233,247,224,443,530,367,119,158,89,215.0772093,235.0386513,203.6346128,0.258347141,0.206825994,0.375215229,2.69725185,3.543414007,1.998033541,0.69,16.445665,0.20232433,NA,529.1611328,1186.270264,976.0965576,657.1091309,0.553928688,3,213.992,165.785,173355.854,99.647,38.801,53914.753,3.21536953,39.242,8.524,22831.263,35.273,8.23,22123.619,38.576,48.462,7.802660966,3.179207211
143,143B,B,1,PI 173857,juncea,hybrid,0.000103878,0.000138504,1.333333333,227,238,257,676,640,502,240,215,140,254.2779137,256.9154762,229.7099879,0.147325023,0.168411297,0.247588927,5.749875362,4.820489459,3.169091851,0.25,NA,NA,NA,NA,NA,NA,NA,NA,2,134.924,92.894,127181.645,84.689,57.613,67418.325,1.886455129,48.207,10.582,23561.459,37.643,11.758,23507.803,41.26,54.819,8.534272329,3.135504652
157,157B,B,1,CGN06620,nigra,parent,9.00E-05,0.000228532,2.538461538,224,239,241,486,467,558,145,130,168,228.0667158,223.1731038,240.260831,0.24064739,0.249815749,0.216774832,3.252010265,2.919224753,3.892189525,0.72,20.528558,0.28745058,74.05554867,484.1018066,979.3497314,740.9130859,495.2479248,0.505690571,2,146.451,76.72,115236.447,61.728,13.257,43655.459,2.639680114,57.489,12.346,30498.711,44.233,12.346,NA,54.374,45.433,6.161348488,2.447198529
184,184B,B,1,CGN14031,oleracea,parent,9.70E-05,0.000193906,2,218,187,212,540,531,451,168,178,124,231.9623558,224.605148,210.2050325,0.209752432,0.211723364,0.26981406,3.794026973,4.072576755,2.796765142,0.16,21.54475,0.27720486,NA,590.3349609,1067.908325,831.4963379,477.5733643,0.447204458,3,130.517,107.517,118139.345,83.513,68.357,72993.944,1.618481459,30.661,9.479,21433.859,16.503,9.74,14563.484,80.796,54.116,6.020475007,3.171754851
191,191B,B,1,CGN03969,carinata,hybrid,0.000124654,0.000207756,1.666666667,222,223,252,450,466,375,131,139,88,227.3425658,223.9400336,213.5960357,0.255096666,0.24064906,0.356910647,2.937135438,3.128577893,2.013355202,0.42,NA,NA,NA,NA,NA,NA,NA,NA,3,248.101,177.547,221846.626,110.548,75.287,92358.525,2.402015688,59.976,11.758,29977.698,40.046,8.479,19317.924,48.943,64.532,9.224223814,3.965670022
196,196B,B,1,CGN06627,nigra,parent,8.31E-05,0.000214681,2.583333333,140,123,181,254,343,363,64,115,101,119.0096677,129.9651571,138.2234037,0.241689734,0.156815652,0.165239991,2.809755874,5.223376308,4.502317423,0.16,15.518111,0.1322506,45.56165748,NA,NA,NA,3.534667969,NA,3,242.21,193.122,211069.43,128.16,69.371,100572.648,2.098676272,41.446,6.614,21118.919,12.79,7.94,18376.99,15.244,36.507,9.35032434,4.612042271
198,198B,B,1,PI120923,juncea,hybrid,9.85E-05,0.00015753,1.6,246,345,385,603,810,710,194,250,177,110.3958241,211.4852308,187.6039213,0.032331481,0.074783226,0.099562661,24.67573327,10.87605864,7.69665463,0.1,23.994796,0.34059584,104.3490097,327.5712891,676.4587402,470.2385254,348.8874512,0.5157557,3,145.527,129.705,141053.815,92.609,47.619,20158.544,6.997222369,29.995,8.862,20158.544,19.036,11.464,19018.536,15.29,35.504,9.079742709,4.211478827
208,208B,B,1,CGN03952,carinata,hybrid,0.000145429,0.000214681,1.476190476,468,436,397,1272,1011,687,414,309,159,254.5808451,230.3271427,188.5373656,0.046502871,0.061652745,0.101285591,18.12595628,13.47121878,6.913115867,0.13,24.00901,0.22994752,87.43409215,593.9614258,1185.255005,805.4613647,591.2935791,0.498874568,3,147.396,125.224,138498.518,66.19,46.746,58719.738,2.358636512,40.574,11.464,22095.624,23.08,10.054,22066.851,42.399,49.769,7.643303551,2.928851288
210,210B,B,1,CGN03976,carinata,hybrid,0.000124654,0.000166205,1.333333333,348,462,280,1182,963,684,442,282,213,137.6199786,127.8015594,145.0173157,0.011450512,0.016901333,0.046040777,NA,NA,16.59741095,0.36,20.667623,0.27459552,64.34095964,358.5820313,715.3574219,512.5212402,356.7753906,0.498737246,4,134.283,107.343,102682.412,82.883,65.79,64772.34,1.585281804,32.445,10.811,21058.355,23.441,5.405,11370.019,33.244,36.47,6.325270845,3.269887972
219,219B,B,1,CGN06897,napus,hybrid,0.00017313,0.000263158,1.52,438,238,140,643,434,286,120,109,84,185.7622121,158.9305005,131.2347258,0.125865879,0.165237417,0.21209162,5.213203332,4.805396658,3.656063346,0.2,21.554725,0.32122031,NA,335.1577148,632.2646484,470.1743164,297.1069336,0.469909134,4,153.439,89.359,121105.232,112.881,88.183,94100.42,1.286978655,30.57,6.173,18407.317,18.519,4.262,15058.836,51.887,40.146,5.573307426,3.645226703
222,222B,B,1,CGN14070,oleracea,parent,0.000166205,0.000290859,1.75,395,308,185,474,629,511,76,168,169,130.3757196,170.2467756,149.2302223,0.12457994,0.095729417,0.091679081,4.218156743,8.224890551,8.923357139,0.15,NA,NA,NA,NA,NA,NA,NA,NA,3,141.093,125.224,132926.01,79.385,61.754,72942.62,1.822336653,37.548,12.377,25559.973,20.282,9.498,14292.091,NA,NA,NA,NA
232,232B,B,1,CGN14113,napus,hybrid,6.93E-05,0.000166205,2.4,397,247,288,755,682,465,183,221,96,193.4439207,183.0335158,151.4748876,0.099751595,0.087280523,0.160348573,8.045418276,9.600982804,4.170562666,0.1,23.298335,0.34857849,NA,376.3334961,746.6560059,522.8769531,370.3225098,0.495974728,2,188.569,151.789,170426.515,104.651,65.844,76270.883,2.234489864,36.449,8.314,20703.663,24.719,7.055,15609.399,31.537,37.353,6.651434195,3.657433743
236,236B,B,NA,NA,NA,NA,NA,NA,NA,NA,206,NA,NA,434,NA,NA,123,NA,NA,151.7691428,NA,NA,0.140126369,NA,NA,5.388518421,NA,NA,NA,NA,NA,NA,NA,NA,NA,NA,NA,NA,NA,NA,NA,NA,NA,NA,NA,NA,NA,NA,NA,NA,NA,NA,NA,NA
249,249B,B,1,CGN07230,napus,hybrid,7.62E-05,0.00017313,2.272727273,153,101,160,307,213,274,92,60,61,132.1536166,97.1488466,114.1447113,0.185923699,0.229159732,0.241242612,4.02670126,3.203582508,2.77988022,0.2,28.364982,0.38085596,191.4632384,NA,NA,NA,4.503417969,NA,2,140.281,112.118,130049.551,76.725,62.616,72036.679,1.805324077,33.521,7.937,21024.825,15.095,5.291,14899.421,68.743,71.899,8.67178715,3.118958306
281,281B,B,2,PI 257240,juncea,hybrid,5.54E-05,0.000180055,3.25,228.7755102,148,162,413.5408163,288,242,99.46938776,74,50,142.5246351,122.3084687,117.8887801,0.17994331,0.219521351,0.210367009,4.323833871,3.228166092,2.185461013,0.24,12.05909,0.14814845,51.10987363,474.6503906,820.0483398,646.4799805,345.3979492,0.421192182,3,222.222,176.367,186078.684,122.281,73.486,92412.96,2.013556151,32.334,6.173,21770.574,24.25,4.409,20982.055,93.98,56.058,5.782556421,3.463845309
322,322B,B,2,CGN17374,napus,hybrid,0.000214681,0.000290859,1.35483871,310,281,NA,1061,819,NA,388,275,NA,337.3424126,290.2130552,NA,0.095959296,0.13257181,NA,8.79974616,6.192820164,NA,0.11,21.051841,0.23594443,58.75401038,278.3630371,513.4006348,379.6157227,235.0375977,0.457805429,3,111.167,83.687,98080.339,85.864,47.046,64803.928,1.513493735,28.243,14.158,23576.234,19.988,11.816,16338.817,38.582,42.664,6.868615449,2.921862822
346,346B,B,2,PI 633094,juncea,hybrid,0.000117729,0.000242382,2.058823529,172,NA,147,367,NA,337,106,NA,103,141.2035066,NA,132.9815317,0.158708246,NA,0.166098546,4.632612272,NA,4.479889946,0.38,28.247224,0.35830475,NA,496.3903809,1048.054565,712.3901367,551.6641846,0.526369717,3,155.203,125.858,142490.878,90.657,61.152,77641.848,1.835232953,42.475,8.23,20902.737,34.098,6.332,17775.103,72.095,74.452,8.768469498,3.213352405
351,351B,M,2,CGN07129,oleracea,parent,NA,NA,NA,NA,NA,NA,NA,NA,1013,NA,NA,263,NA,286.2499857,250.0360261,NA,0.035107909,0.069076724,NA,NA,11.4536914,NA,NA,NA,NA,NA,NA,NA,NA,NA,NA,NA,NA,NA,NA,NA,NA,NA,NA,NA,NA,NA,NA,NA,NA,NA,NA,NA
356,356B,B,2,CGN06813,rapa,parent,3.94E-05,9.19E-05,2.333333333,175,142,123,231,167,176,44,29,39,163.1505095,145.1208661,142.170283,NA,NA,0.65409744,0.988212035,0.651044637,0.875542788,NA,13.854613,0.10147614,67.85815462,596.5883789,1210.155151,994.7047119,613.5667725,0.507014966,NA,NA,NA,NA,NA,NA,NA,NA,NA,NA,NA,NA,NA,NA,100.885,64.387,6.410396479,NA
363,363B,B,2,CGN06619,nigra,parent,8.31E-05,0.00015928,1.916666667,140,248,248,342,506,477,108,135,119,136.739514,162.2693433,154.6606823,0.154821215,0.136456119,0.150115345,4.800748435,5.866205932,5.173379406,0.51,17.548777,0.2041702,87.42637862,333.923584,658.4787598,521.8261719,324.5551758,0.492886325,2,106.793,74.074,92632.252,82.011,49.383,58888.485,1.573011294,26.587,8.818,15771.924,22.046,7.985,16807.729,36.192,43.548,7.23872241,2.89177447
393,393B,B,2,PI 173857,juncea,hybrid,0.000166205,0.000242382,1.458333333,315,322,357,597,768,590,154,228,128,148.2798646,180.9670747,158.3761151,0.077112894,0.07103644,0.114196341,9.657013026,11.65880049,6.545291504,0.08,17.689356,0.20072634,53.91938061,310.3977051,570.4345703,442.4025879,260.0368652,0.455857479,3,133.3,104.882,122113.82,76.426,47.163,68192.069,1.790733465,27.043,10.582,28441.098,35.449,9.479,18439.2,10.661,28.901,8.851439358,4.673497518
407,407B,B,2,CGN06620,nigra,parent,0.000110803,0.000152355,1.375,198,190,165,605,508,405,212,170,130,210.7747036,186.6104671,179.0298718,0.133930907,0.13269611,0.225854425,6.329951774,5.586746956,3.784953507,0.47,23.63184,0.32807046,144.5993679,266.2941895,554.5544434,408.5290527,288.2602539,0.519805147,2,112.899,70.586,95388.179,72.936,47.031,55670.645,1.713437647,27.043,14.109,23540.463,22.371,9.406,18773.582,39.12,37.376,5.975763455,2.516267903
416,416B,B,2,CGN06709 ,rapa,parent,0.000145429,0.000263158,1.80952381,155,258,92,254,468,480,62,123,201,121.1189754,192.2515151,175.4059514,0.148368963,0.181785908,0.129699925,3.124509084,4.048967623,6.751830289,0.18,17.029926,0.16342976,59.28267512,575.2314453,1139.394531,780.6353149,564.1630859,0.495142877,2,180.914,131.708,156241.738,101.451,83.489,87911.25,1.777266709,49.397,9.479,25098.059,24.719,10.84,18419.759,31.757,43.013,7.632731751,3.160169499
434,434B,B,2,CGN14031,oleracea,parent,NA,NA,1.371428571,358,334,310,1140,1184,735,411,448,225,352.6124195,353.606618,271.6687798,0.093811853,0.084376079,0.165234201,9.214982174,10.04714858,5.040804254,0.21,17.531111,0.28726649,NA,347.6303711,597.4335938,461.2102051,249.8032227,0.418127178,3,108.498,85.542,92377.996,101.415,74.158,86720.679,1.065236078,23.81,14.219,19479.671,27.563,7.937,15319.342,42.035,46.638,7.193403008,3.19564168
441,441B,B,2,CGN03969,carinata,hybrid,4.92E-05,9.52E-05,1.933333333,232,235,227,709,596,529,247,188,154,265.7546534,245.2696383,229.578405,0.1469732,0.190913411,0.234798647,5.537419096,4.230361516,3.450150467,0.2,34.651833,NA,89.58278424,551.2026367,1274.249756,781.578125,723.0471191,0.567429671,2,161.082,121.105,135033.392,164.609,NA,NA,NA,38.801,6.173,25650.955,27.337,7.055,19363.026,37.856,49.793,8.092839578,3.623433234
448,448B,B,2,PI120923,juncea,hybrid,0.000108302,0.00015753,1.454545455,292,199,182,845,604,526,293,213,177,297.6388792,251.2189625,234.0597697,0.120337574,0.169865891,0.201646625,6.582877157,4.771961361,3.96543268,0.2,23.937714,0.38681353,63.996236,385.1777344,760.8508301,522.03125,375.6730957,0.493753941,2,185.54,141.49,156429.147,100.003,56.437,82440.612,1.89747678,43.504,10.582,25080.951,22.463,9.479,18624.386,35.638,51.863,8.687623133,3.692583712
458,458B,B,2,CGN03952,carinata,hybrid,0.000101738,0.000164094,1.612903226,329,267,286,800,752,570,256,253,154,295.6866381,276.6780393,252.6069431,0.140694993,0.147940038,0.211112857,5.766469701,5.69446192,3.461723665,0.1,27.754404,0.37404878,57.74290406,315.7282715,637.0732422,447.286377,321.3449707,0.504408205,3,140.057,116.342,123298.352,91.062,60.468,74942.781,1.645233208,28.885,9.91,22091.551,22.684,6.861,14922.49,51.241,54.013,7.545525676,2.948221799
460,460B,B,2,CGN03976,carinata,hybrid,0.000144402,0.000200194,1.386363636,387,391,435,1448,NA,712,NA,NA,168,395.1997393,394.8487557,299.1497995,0.067282202,0.068731279,0.194481922,12.60735694,12.23197755,3.797801466,0.3,25.052798,0.4806548,41.43327235,365.8410645,732.8344727,524.0966797,366.9934082,0.500786224,4,145.599,118.169,132852.913,79.443,65.262,75518.914,1.759200523,42.337,9.859,20247.194,31.746,10.582,19191.947,57.124,78.773,10.42240824,3.765259657
472,472B,B,2,CGN14070,oleracea,parent,9.19E-05,0.000147684,1.607142857,199,193,220,333,348,346,91,87,78,194.3772917,191.8172414,194.5537685,0.326781278,0.360572686,0.363731232,2.047674989,1.956153832,1.753340558,0.3,30.376813,0.6046541,56.66141191,350.2277832,707.692627,507.6101074,357.4648438,0.505113138,3,176.383,140.041,156385.6,121.157,92.953,106604.736,1.466966721,31.746,14.109,25426.22,30.593,10.84,16536.336,58.196,47.496,6.226019382,3.954862946
482,482B,B,2,CGN14113,napus,hybrid,5.58E-05,0.000101738,1.823529412,131,147,129,299,285,235,86,75,54,178.1283713,200.0132352,177.1985995,0.411447311,0.561737527,NA,1.880951732,1.323421477,0.952563659,0.48,28.767699,0.53611112,85.5306051,297.2600098,592.8571777,415.5895996,295.597168,0.498597603,3,174.189,105.758,165868.817,100.314,58.322,82194.103,2.018013592,33.438,7.776,19841.27,24.884,6.999,17310.857,73.807,56.446,6.570287821,3.629401623
499,499B,B,2,CGN07230,napus,hybrid,0.000114866,0.000114866,1,139,148,321,334,356,718,104,115,203,125.2645713,123.7500775,186.7428128,0.165848226,0.138650551,0.094149431,4.929448784,6.016955107,8.900715155,0.12,23.025732,0.33634392,64.57580639,306.5063477,598.059082,426.7138672,291.5527344,0.487498214,3,151.686,133.157,141690.695,84.73,66.161,74709.399,1.896557821,33.51,10.582,18010.725,21.237,8.818,16500.565,31.264,41.348,7.394898827,3.833066908
524,524B,B,3,PI 459016 ,rapa,parent,8.53E-05,0.000124711,1.461538462,295,NA,301,410,NA,509,81,NA,115,130.0601303,NA,136.3607885,0.163119653,NA,0.105935767,4.590014449,NA,7.237387019,0.14,24.749386,0.35656902,NA,498.5859375,983.2764893,723.9902344,484.6905518,0.492934141,NA,NA,NA,NA,NA,NA,NA,NA,NA,NA,NA,NA,NA,NA,8.166,21.4,7.48874574,5.738302382
525,5255B,B,NA,NA,NA,NA,NA,NA,NA,NA,496,NA,NA,465,NA,NA,68,NA,NA,177.3662004,NA,NA,0.176312293,NA,NA,2.87010807,NA,NA,NA,NA,NA,NA,NA,NA,NA,NA,NA,NA,NA,NA,NA,NA,NA,NA,NA,NA,NA,NA,NA,NA,NA,NA,NA,NA
531,531B,B,3,PI 257240,juncea,hybrid,0.000124711,0.000177221,1.421052632,201,230,201,486,467,321,148,128,71,228.1723187,242.5976889,190.5274351,0.25457284,0.311602957,0.49807634,3.168371038,2.327481515,1.445413059,0.34,21.915356,0.2020808,39.14512228,325.0517578,632.9973145,486.050293,307.9455566,0.486487935,3,154.331,112.024,146212.623,100.591,57.38,78165.971,1.870540609,53.857,15.095,26175.857,28.274,7.11,19133.625,NA,60.872,5.196001949,NA
532,532B,B,3,PI 459020 ,rapa,parent,0.000108302,0.000144402,1.333333333,220.1672474,233,198,486.261324,470,433,143.5156794,134,123,221.7441223,223.6057495,209.4401321,0.255146986,0.269647731,0.284153761,3.218968597,3.007495399,2.78921239,0.13,27.803247,0.55984896,56.01701695,363.7314453,790.9260254,518.2983398,427.1945801,0.540119514,NA,NA,NA,NA,NA,NA,NA,NA,NA,NA,NA,NA,NA,NA,12.98,25.609,7.108128558,4.301852297
559,559B,B,3,CGN06710 ,rapa,parent,0.00010502,0.000150966,1.4375,222,165,164,508,351,312,151,102,84,228.0409143,195.0670285,186.2632679,0.223820364,0.324262699,0.417055871,3.459678441,2.289287542,1.885784466,0.21,24.88557,0.49633573,52.11332219,339.3400879,789.5620117,611.2451172,450.2219238,0.570217307,3,141.138,111.282,123576.545,87.413,51.215,67817.25,1.822199293,25.588,12.471,19086.19,30.915,6.887,18783.691,32.617,40.733,7.132214408,2.978437948
572,572B,B,3,CGN17374,napus,hybrid,3.94E-05,0.000101738,2.583333333,137,133,130,251,229,270,66,57,75,168.7039926,156.0895024,166.2613874,0.461988145,0.528115057,0.427758153,1.481687795,1.280961401,1.68200032,0.26,25.630714,0.47752799,84.2341663,282.751709,560.3354492,411.501709,277.5837402,0.495388505,2,124.417,98.772,116190.601,107.002,50.681,79805.996,1.455913175,36.619,10.582,24972.083,34.601,8.23,19960.247,45.958,53.495,7.891010685,3.346584553
585,585B,B,3,CGN07145,rapa,parent,5.25E-05,0.000118147,2.25,160,149,160,310,316,290,84,94,77,178.4711346,182.8046735,178.376165,0.35719822,0.351129377,0.406810452,1.890406804,2.109735578,1.726853662,0.64,22.90085,0.30427931,42.08944465,450.4985352,879.9663086,635.5429688,429.4677734,0.488050246,NA,NA,NA,NA,NA,NA,NA,NA,NA,NA,NA,NA,NA,NA,59.474,57.617,7.471143317,3.873089435
596,596B,B,3,PI 633094,juncea,hybrid,6.56E-05,0.000154248,2.35,170,147,86.40449438,437,368,259.6123596,147,116,89.40449438,198.2472972,148.2070836,122.8063877,0.226554584,0.180125775,0.214787259,3.635679661,4.375001769,3.42096647,0.19,30.003016,0.5440996,82.56419037,575.0512695,1240.535522,819.5001221,665.4842529,0.536449171,2,173.022,143.45,159013.994,87.008,55.274,73152.581,2.173730466,39.994,11.758,28102.828,30.593,7.152,22104.178,31.087,42.905,7.695174981,3.509246821
601,601B,B,3,CGN07129,oleracea,parent,9.19E-05,0.000154248,1.678571429,209,203,187,704,572,598,255,194,211,266.3612098,241.5972568,250.6085056,0.146411913,0.188876525,0.172878895,5.745412773,4.43219397,4.749743169,0.29,21.235084,0.36339018,37.70194831,341.626709,641.3725586,483.7016602,299.7458496,0.467350599,3,150.817,122.332,141209.342,122.422,88.254,108073.682,1.30660249,39.976,7.436,27656.467,30.229,9.406,19373.913,79.873,55.077,6.162689377,3.442652358
603,603B,B,3,PI 459018 ,rapa,parent,0.000124711,0.000137839,1.105263158,307,328,238,915,826,568,327,264,176,312.4114115,296.3841145,238.9642967,0.111573202,0.137854442,0.215396586,7.331628153,5.925214816,3.937452826,0.11,33.138217,0.56323572,107.5932834,560.7741699,1201.844971,793.062561,641.0708008,0.533405569,NA,NA,NA,NA,NA,NA,NA,NA,NA,NA,NA,NA,NA,NA,24.706,37.048,7.453556527,3.40836708
606,606B,B,3,CGN06813,rapa,parent,8.53E-05,0.000216604,2.538461538,239,258,225,685,590,417,238,177,106,273.7733121,257.5183967,218.364354,0.153134713,0.202838077,0.298558722,5.341670932,3.978734343,2.384602177,0.27,20.613923,0.30799522,210.235329,462.1940918,900.7996826,668.7490845,438.6055908,0.486906911,NA,NA,NA,NA,NA,NA,NA,NA,NA,NA,NA,NA,NA,NA,47.099,43.361,6.318201121,3.15568643
613,613B,B,3,CGN06619,nigra,parent,4.27E-05,9.85E-05,2.307692308,120.6341463,177,105,235.0081301,280,213,62.18699187,62,57,140.9513477,162.7119973,134.1399137,0.428976513,0.429410893,0.462123154,1.756567545,1.536562012,1.608042563,0.3,13.197132,0.09805166,183.7106508,499.7307129,944.5299683,724.553772,444.7992554,0.470921273,3,129.03,92.425,107296.486,94.595,43.281,68713.578,1.561503405,35.135,3.604,16054.703,44.153,9.054,16178.07,22.655,38.909,8.174628704,3.251069794
626,626B,B,3,CGN06711 ,rapa,parent,0.000137839,0.000154248,1.119047619,240,198,224,597,490,380,188,160,94,263.6232789,231.1313428,213.0757577,0.168369519,0.205931124,0.307806141,4.215125666,3.591039282,2.11354552,0.23,11.535165,0.07183651,NA,528.050293,913.9944458,699.6629028,385.9441528,0.422260939,3,138.448,92.593,117022.666,93.491,71.434,83529.296,1.400977521,36.155,10.655,26080.208,30.034,9.498,18282.119,33.121,42.159,7.325522062,3.169989022
640,640B,B,3,PI 470241,juncea,hybrid,4.27E-05,0.000111584,2.615384615,151,152,142,325,328,294,90,91,85,184.6609597,183.7788434,179.9205453,0.362011686,0.375656048,0.377499935,2.024662226,2.040300189,1.90970839,0.87,NA,NA,NA,309.2521973,660.689209,522.979248,351.4370117,NA,2,248.089,142.313,201747.96,104.75,64.023,84554.215,2.386018958,36.525,9.406,31337.775,30.773,7.436,19923.699,33.634,39.228,6.764051518,3.59720735
643,643B,B,3,PI 173857,juncea,hybrid,0.00010502,0.000144402,1.375,284,251,299,489,557,686,117,163,198,121.8313556,149.4256377,182.8784307,0.08624431,0.084962245,0.096402838,8.470003173,9.262453115,8.65829448,0.15,23.8342,0.29259716,72.84970023,471.2106934,964.8649902,667.4509277,493.6542969,0.511630437,4,188.125,135.215,167498.732,89.359,51.748,69682.789,2.403731745,66.432,6.761,27919.307,46.443,8.818,18362.215,25.87,45.893,9.022943416,NA
657,657B,B,3,CGN06620,nigra,parent,5.91E-05,8.86E-05,1.5,181,165,191,379,349,427,102,94,134,119.0411066,116.187472,142.6849699,0.132972807,0.136841385,0.131992118,5.987419612,5.665120696,6.429391294,0.21,21.69361,0.3271695,75.94019513,317.9697266,735.2866211,555.2060547,417.3168945,0.567556763,2,119.953,91.779,106320.901,57.625,27.068,42415.137,2.506673526,42.393,12.934,21413.641,29.418,11.991,17198.878,21.491,28.43,6.132655198,3.085137097
663,663B,B,3,CGN07143 ,rapa,parent,8.20E-05,0.000147684,1.8,177,150,133,297,334,265,68,96,69,97.41037865,125.8484239,101.2780542,0.114122139,0.162054313,0.191242906,4.781756516,4.38858384,3.931098621,0.2,23.33216,0.28566703,NA,471.6965332,949.7470703,703.640625,478.0505371,0.503345103,NA,NA,NA,NA,NA,NA,NA,NA,NA,NA,NA,NA,NA,NA,44.955,41.711,6.221020049,2.97161594
684,684B,B,3,CGN14031,oleracea,parent,0.000114866,0.000160812,1.4,215,196,185,535,464,423,162,144,126,229.2483578,213.2186934,207.6461499,0.22350329,0.249143031,0.284222917,3.635927273,3.231935354,2.830861849,0.18,NA,NA,NA,NA,NA,NA,NA,NA,3,109.914,77.561,95601.006,112.67,83.803,26359.873,3.626762769,46.985,9.054,NA,45.368,7.207,17381.706,65.861,48.802,6.013446622,3.203715028
691,691B,B,3,CGN03969,carinata,hybrid,0.000108302,0.000196912,1.818181818,366,310,226,944,1073,594,306,390,190,214.7082897,222.0370123,167.148315,0.056381072,0.046815463,0.09713998,14.85968087,18.44113515,8.777143501,0.2,27.734525,0.38022304,71.58386327,441.7900391,920.9967041,601.3168945,479.206665,0.520313116,3,198.71,188.139,189821.425,114.075,78.777,95384.29,1.990070115,37.643,12.987,25154.049,28.243,11.758,18597.837,35.1,51.449,8.684071283,3.508156364
696,696B,B,3,CGN06627,nigra,parent,0.000121429,0.000144402,1.189189189,359,312,298,729,602,597,204,162,167,190.7839568,168.7396441,173.4213858,0.079170834,0.101842851,0.103057107,9.572380025,7.695136546,7.510585131,0.47,30.324957,0.38744102,235.6246023,330.3535156,732.5839844,508.9858398,402.2304688,0.549057142,4,187.537,143.445,162801.06,104.938,39.683,68635.319,2.371972075,42.328,6.47,17855.199,31.305,5.071,19941.584,46.708,70.056,10.25060978,2.953333237
708,708B,B,3,CGN03952,carinata,hybrid,8.53E-05,0.000137839,1.615384615,219,394,205,488,898,539,145,271,172,100.3124106,219.7951127,165.6459979,0.054156428,0.069067826,0.107602292,15.21244116,11.8269508,7.712385069,0.09,15.233092,0.1287003,40.88528,561.03125,985.62323,745.2366943,424.59198,0.430785281,3,143.871,109.404,132636.731,85.556,68.107,81828.616,1.620908888,42.328,13.109,25518.758,20.301,6.716,16008.324,43.139,47.702,7.26275763,3.041113602
710,710B,B,3,CGN03976,carinata,hybrid,0.000137839,0.000170657,1.238095238,315,NA,311,1012,NA,606,375,NA,168,305.1603216,NA,235.6617795,0.085594233,NA,0.145634609,9.900462514,NA,4.909163053,0.44,25.688008,0.37258133,77.44358586,387.7373047,792.1630859,566.0117188,404.4257813,0.510533485,3,122.578,98.769,115190.566,81.129,43.21,66639.916,1.728552089,30.864,9.7,19845.936,27.394,7.272,19355.25,66.591,58.727,7.196644461,3.47715635
719,719B,B,3,CGN06897,napus,hybrid,3.94E-05,0.000101738,2.583333333,193,161,151,372,259,230,102,58,46,202.6987869,169.4386455,158.3440311,0.312197103,0.554802654,0.658716032,2.287520435,1.298571666,1.029901666,0.49,25.545467,0.33169962,51.57932626,338.2729492,642.3769531,469.6552734,304.1040039,0.473404288,2,198.43,158.769,177592.39,117.631,88.215,103627.185,1.713762561,54.137,12.934,29665.09,30.593,9.406,20505.59,105.39,55.38,5.394525485,3.477802862
722,722B,B,3,CGN14070,oleracea,parent,8.20E-05,0.000150966,1.84,197,303,228,412,525,398,114,117,92,141.0804425,167.4066494,147.3888377,0.147926101,0.151921547,0.186244957,5.573985098,5.087619162,4.001455097,0.19,27.104242,0.49526562,68.31953222,359.5996094,703.6999512,517.3537598,344.1003418,0.488987304,5,195.179,151.675,167766.238,91.711,56.437,62023.895,2.704864601,65.844,13.521,25719.387,39.683,5.291,20393.388,32.803,36.719,6.411122323,3.594668214
731,731B,B,3,Ames 2795 ,rapa,parent,0.000134557,0.000216604,1.609756098,265,245,268,978,709,512,363,233,125,310.6920996,254.5491664,222.3908448,0.108729654,0.142925721,0.227544734,8.032499122,5.791787136,3.201079927,0.12,21.942204,0.39672757,77.99181232,348.6047363,711.7407227,526.2316895,363.1359863,0.510208247,3,113.811,96.447,109083.826,79.487,52.095,68048.985,1.603019149,23.826,7.11,19452.454,15.873,5.364,15352.003,24.791,39.829,7.999307282,3.349993252
732,732B,B,3,CGN14113,napus,hybrid,6.56E-05,0.000131275,2,260,227,186,499,449,416,136,128,120,235.4253461,224.6472579,232.786076,0.255317965,0.285942278,0.352138245,2.970797733,2.74940318,2.205669734,0.09,20.032299,0.28133984,226.7515908,314.3520508,588.5603027,456.6003418,274.208252,0.469763272,3,156.803,101.962,131310.869,97.577,68.267,83678.602,1.569228762,35.108,10.582,22351.465,21.164,10.655,15822.47,29.878,37.871,6.928369027,3.380874891
749,749B,B,3,CGN07230,napus,hybrid,8.53E-05,0.000173939,2.038461538,146,168,184,386,439,327,123,141,77,213.6507572,241.1993533,212.9822678,0.324251281,0.30848369,0.517527979,2.404812443,2.489580623,1.417156496,0.21,14.717031,0.08834469,32.9892679,293.9672852,515.4196777,410.0209961,221.4523926,0.429654517,4,171.664,141.093,151026.63,90.543,64.668,73410.754,2.057282098,34.098,5.879,19598.649,32.922,8.23,18523.962,47.473,53.753,7.801522564,3.070501549
774,774B,B,4,PI 459016 ,rapa,parent,0.00015753,0.000177221,1.125,375,475,353,863,970,1026,249,252,340,280.2477909,351.5540529,NA,0.133709406,0.173008886,0.140113449,6.263101967,4.612461854,6.248147669,0.05,25.975818,0.44611572,185.4965742,545.388916,1092.840698,771.1376953,547.4517822,0.537359489,NA,NA,NA,NA,NA,NA,NA,NA,NA,NA,NA,NA,NA,NA,18.17,38.543,9.042073883,3.520305338
781,781B,B,4,PI 257240,juncea,hybrid,6.89E-05,0.000144402,2.095238095,197,185,129,460,287,249,134,56,65,238.3349158,198.0151415,154.3566813,0.316336928,NA,0.445325155,2.389258762,1.003696105,1.61313039,0.23,19.023507,0.14003395,32.28960993,308.532959,591.2402344,458.5568848,282.7072754,0.478159738,4,164.609,101.124,137597.243,76.426,45.855,49451.148,2.782488346,41.152,9.406,26935.603,14.109,8.818,15237.691,74.018,46.829,5.443098716,3.629050352
782,782B,B,4,PI 459020 ,rapa,parent,3.94E-05,0.000144402,NA,105,156.5336788,184,253,337.0362694,374,77,96.50259067,99,156.5176205,204.4332535,216.854075,0.430877256,0.426548004,0.427396919,1.836809165,1.797291876,1.796103502,0.2,24.362927,0.58915258,71.2147957,325.9946289,719.328125,539.7817383,393.3334961,0.54680678,NA,NA,NA,NA,NA,NA,NA,NA,NA,NA,NA,NA,NA,NA,26.317,39.363,7.673084837,3.040804094
822,822B,B,4,CGN17374,napus,hybrid,0.000111584,0.000154248,1.382352941,418,320,309,1182,804,667,406,255,202,353.0838771,292.6977615,266.150189,0.087651844,0.14455164,0.182662297,9.517514412,5.727643455,4.538365821,0.18,23.287207,0.34210485,88.24511073,292.5505371,567.9829102,416.833252,275.432373,0.48493074,3,117.578,98.765,103299.024,71.723,43.504,53554.709,1.92885044,43.504,8.23,19722.292,24.691,9.41,18256.457,28.732,48.494,9.047010185,3.317211971
835,835B,B,4,CGN07145,rapa,parent,9.19E-05,0.000167376,1.821428571,240,104,185,455,487,366,131,193,109,227.3177156,214.0065438,194.3722429,0.24178461,0.194659412,0.277590104,2.934868255,4.344206273,2.450813267,0.54,24.840447,0.26389232,32.94064521,479.3933105,932.9456787,679.8183594,453.5523682,0.486150886,NA,NA,NA,NA,NA,NA,NA,NA,NA,NA,NA,NA,NA,NA,100.051,68.084,6.806664522,3.465770466
846,846B,B,4,PI 633094,juncea,hybrid,0.000154248,0.000236295,1.531914894,204,368,257,678,1077,738,259,371,249,198.7348426,326.7629708,279.2735956,0.071222715,0.083906681,0.140318085,11.71297425,9.596046335,5.578490041,0.27,32.286896,0.75409716,77.44924212,368.3635254,828.104248,536.7348633,459.7407227,0.555172521,3,143.782,117.337,128460.072,95.385,70.547,79892.314,1.607915275,38.174,7.272,22239.486,37.413,8.685,18942.328,62.762,60.201,7.598980291,3.164085015
851,851B,B,4,CGN07129,oleracea,parent,0.000187067,0.00026255,1.403508772,303,342,312.260274,911,742,852.7671233,312,205,272.8082192,339.0027781,306.5440494,306.142352,0.145602229,0.223853969,0.162699798,5.710471998,3.724882226,5.921259921,0.24,24.405454,0.41687814,32.76344877,501.6030273,929.2022705,665.1804199,427.5992432,0.460178862,NA,NA,NA,NA,NA,NA,NA,NA,NA,NA,NA,NA,NA,NA,43.174,39.402,5.996628204,3.127779928
853,853B,B,4,PI 459018 ,rapa,parent,0.000137839,0.000147684,1.071428571,171,332,246,482,735,542,160,215,152,195.3440685,294.0518319,260.2352533,0.182745236,0.19821964,0.295505432,4.396847973,4.138580162,2.81002988,0.22,29.5358,0.74489881,474.213579,524.2109375,1184.364868,839.800293,660.1539307,0.557390673,NA,NA,NA,NA,NA,NA,NA,NA,NA,NA,NA,NA,NA,NA,14.32,30.298,8.006495286,4.157615912
856,856B,B,4,CGN06813,rapa,parent,8.53E-05,0.000177221,2.076923077,165,173,122,433,297,226,141,73,56,212.0302685,176.656067,155.9960512,0.228651052,0.41445284,0.514782881,3.17197082,1.634409165,1.253793332,0.66,10.93269,0.06228375,16.64773713,326.9675293,563.0273438,452.0908203,236.0598145,0.4301535,NA,NA,NA,NA,NA,NA,NA,NA,NA,NA,NA,NA,NA,NA,110.39,63.134,6.00894791,NA
863,863B,B,4,CGN06619,nigra,parent,9.19E-05,0.000173939,1.892857143,235,186,224,434,447,504,118,132,145,197.5934623,184.040877,248.463419,0.223654023,0.22430294,0.30404871,3.170614616,3.750228452,2.610035213,0.09,25.271156,0.65670727,36.34821958,358.3525391,792.8662109,612.7011719,434.5136719,0.548028994,NA,NA,NA,NA,NA,NA,NA,NA,NA,NA,NA,NA,NA,NA,20.624,33.558,7.389407545,3.290044707
890,890B,B,4,PI 470241,juncea,hybrid,0.000147684,0.000164094,1.111111111,266,242,216,636,608,641,195,195,217,254.9859781,254.9928402,258.6634583,0.161092617,0.179417552,0.16058337,4.388444367,4.389037565,4.875373184,NA,29.483756,0.69525155,53.855591,496.6518555,1056.986328,749.9169922,560.3344727,0.530124617,3,246.259,174.019,218339.508,67.061,55.274,65298.502,3.343713888,45.855,14.109,25955.009,18.812,10.582,18972.655,20.009,31.389,7.017215079,3.892099805
893,893B,B,4,PI 173857,juncea,hybrid,7.88E-05,0.000167376,2.125,134,138,122,357,420,306,115,144,96,165.1710221,191.9024263,157.8406321,0.209138856,0.217824621,0.281018259,3.71324374,3.82337086,2.811208457,0.17,28.965935,0.54745952,58.20262395,428.4477539,943.3221436,616.3088379,514.8743896,0.545809714,2,204.815,146.387,169846.402,113.842,68.783,88817.191,1.912314498,65.309,9.7,33131.771,25.815,8.993,15942.225,35.4,53.228,8.946198233,3.268599534
907,907B,B,4,CGN06620,nigra,parent,9.85E-05,0.000134557,1.366666667,337,272,252,899,804,644,285,271,204,301.4024602,287.1555565,250.4770772,0.128765017,0.1378241,0.184091061,6.404807003,6.090184905,4.563865486,0.26,27.417364,0.49767404,694.600746,NA,NA,NA,NA,NA,3,109.347,82.305,96806.578,61.141,24.691,45988.354,2.105023763,37.625,9.406,16902.6,19.988,5.879,15899.455,34.023,44.271,7.589847143,2.596527747
913,913B,B,4,CGN07143 ,rapa,parent,0.000108302,0.000180503,1.666666667,242,205,196,676,784,525,226,298,180,259.9887079,292.7534622,237.2247448,0.138606034,0.125636357,0.207165684,5.766077932,6.69866008,4.035317189,0.23,NA,0.03947212,NA,519.2944336,824.8590698,712.1269531,305.5646362,0.370444658,NA,NA,NA,NA,NA,NA,NA,NA,NA,NA,NA,NA,NA,NA,30.168,32.947,5.998499351,3.364196251
916,916B,B,4,CGN06709 ,rapa,parent,8.20E-05,0.00015753,1.92,214,190,212,500,471,466,155,148,134,230.1930255,224.3722553,225.0495007,0.225106709,0.233572254,0.257808765,3.486031986,3.322572631,3.007495399,0.3,21.947942,0.3433979,144.0462183,487.7287598,953.6000977,698.4916992,465.8713379,0.488539524,2,149.072,111.115,130950.826,113.76,78.503,93829.027,1.395632356,30.877,8.862,21604.938,26.47,7.937,18391.765,28.947,40.777,7.579027635,3.211574078
934,934B,B,4,CGN14031,oleracea,parent,0.000131275,0.000196912,1.5,333,363.6578125,269,1395,965.1390625,802,546,320.378125,272,374.7826282,314.7398674,279.6604847,0.070989288,0.11275843,0.137309306,12.23295702,7.193956246,6.112657912,0.25,16.434089,0.15236736,36.12015264,559.1647949,1007.395447,766.9176025,448.2306519,0.444940121,NA,NA,NA,NA,NA,NA,NA,NA,NA,NA,NA,NA,NA,NA,33.324,32.022,5.547149751,3.230706948
946,946B,B,4,CGN06627,nigra,parent,0.000150966,0.000226449,1.5,356,329,328,1115,985,806,400,353,258,354.9461494,327.6729524,295.7872425,0.092138298,0.103155261,0.137005445,8.970668373,7.92068979,5.796526643,0.28,29.582212,0.45498393,97.34732898,349.7102051,800.2700195,514.052002,450.5598145,0.563009739,3,135.215,102.293,118457.397,132.863,84.656,100897.698,1.174034684,38.801,11.758,22885.697,33.51,NA,13579.78,40.771,72.175,11.30345242,3.013315322
948,948B,B,4,PI120923,juncea,hybrid,0.000118147,0.000144402,1.222222222,321,321,186,985,845,633,350,286,234,325.4322325,303.7371498,260.8754934,0.10496937,0.128378933,0.155628891,7.880086751,6.412372024,5.257314862,0.35,23.938899,0.30388314,NA,538.6828613,1051.375854,744.4862671,512.6929932,0.487640068,4,190.476,138.742,167799.676,81.129,54.086,72667.339,2.309148488,31.746,12.93,18078.379,24.691,9.41,15762.592,47.002,58.7,8.562092831,3.865540795
958,958B,B,4,CGN03952,carinata,hybrid,9.85E-05,0.00015753,1.6,321,404,276,735,819,561,224,250,151,280.6318329,292.4878853,240.7763906,0.156441692,0.145502011,0.223100943,5.028758576,5.609553676,3.386427311,0.15,NA,NA,NA,NA,NA,NA,NA,NA,4,192.828,122.281,160325.081,108.172,102.293,96642.498,1.658950093,50.558,9.406,25587.19,31.746,8.23,13226.736,60.386,57.559,7.407047143,3.139294559
960,960B,B,4,CGN03976,carinata,hybrid,0.000131275,0.00021004,1.6,449,395,356,1326,836,758,470,248,228,388.2639768,311.8486541,293.7863811,0.080106416,0.139877469,0.156411858,10.54053534,5.580476894,5.131768054,0.13,NA,NA,NA,NA,NA,NA,NA,NA,3,162.296,128.16,150805.315,78.812,67.019,68066.87,2.215546491,49.383,15.465,27350.08,34.179,12.934,26513.349,34.898,41.445,7.015713974,6.991425149
969,969B,B,4,CGN06897,napus,hybrid,5.91E-05,9.19E-05,1.555555556,346,242,168,476,336,300,99,72,86,229.2618462,195.3614671,174.4102824,0.279142622,0.368795212,0.373676407,2.222531551,1.615967574,1.934171474,0.3,21.677026,0.31914047,NA,378.4099121,710.7189941,512.611084,332.309082,0.46756747,2,176.465,111.755,157202.89,147.203,105.925,122537.63,1.282894814,37.643,15.285,30574.919,46.096,10.647,23799.415,76.781,44.051,5.027231559,2.906822433
972,972B,B,4,CGN14070,oleracea,parent,8.86E-05,0.000137839,1.555555556,261,231,248,377,400,300,91,100,55,203.6268118,203.1416522,178.7878499,0.359228299,0.299234041,0.446180347,2.041877408,2.246134546,1.263335748,0.3,NA,NA,NA,NA,NA,NA,NA,NA,5,191.652,165.785,177541.067,142.269,112.875,123669.861,1.435604969,39.976,7.05,22880.254,35.27,8.818,15532.413,56.299,43.979,5.861314294,3.634241384
982,982B,B,4,CGN14113,napus,hybrid,6.56E-05,0.000134557,2.05,166,176,103,441,373,216,141,101,61,213.5271258,196.7181419,146.5024088,0.259740373,0.366977386,0.512269745,3.154436439,2.259560997,1.364685268,0.31,32.344048,0.49954562,51.02162996,NA,NA,NA,6.302734375,NA,NA,NA,NA,NA,NA,NA,NA,NA,NA,NA,NA,NA,NA,NA,62.723,48.179,6.083371943,3.370558491
999,999B,B,4,CGN07230,napus,hybrid,6.24E-05,0.000108302,1.736842105,156,127,145,330,243,245,93,65,58,129.5634366,115.4053191,112.4467492,0.18206649,0.255928352,0.230711208,4.100263591,2.827115014,2.519410947,0.26,26.190549,0.63392816,83.38418261,465.8984375,924.487915,667.4064941,458.5894775,0.496047022,4,219.871,181.07,199353.633,114.051,76.426,94225.619,2.11570521,51.73,9.41,19106.408,22.34,9.406,15449.984,71.998,67.336,7.935733922,3.224973797
1024,1024B,B,5,PI 459016 ,rapa,parent,0.000114866,0.000160812,1.4,178,240,325,414,525,614,125,146,158,132.7863767,165.5015374,174.6050599,0.124411507,0.125083695,0.115232246,6.519062337,6.342730721,6.982117413,0.11,22.504176,0.31409493,54.10351804,329.0385742,660.5300293,487.2485352,331.4914551,0.499853004,NA,NA,NA,NA,NA,NA,NA,NA,NA,NA,NA,NA,NA,NA,15.422,37.592,9.572493555,4.269052078
1032,1032B,B,5,PI 459020 ,rapa,parent,0.000134557,0.000193631,1.43902439,332,346,152,864,810,378,276,237,120,211.5327958,189.4690755,136.266984,0.070433931,0.073752544,0.142169288,12.04739632,11.39924707,5.854881091,0.11,29.625432,0.41594663,84.60956347,532.3029785,1136.420654,726.9505615,604.1176758,0.531596881,NA,NA,NA,NA,NA,NA,NA,NA,NA,NA,NA,NA,NA,NA,15.812,27.969,7.033695063,3.847564001
1059,1059B,B,5,CGN06710 ,rapa,parent,9.85E-05,0.000190349,1.933333333,290,256,234,628,564,438,178,165,108,181.1511502,169.0518055,146.1020406,0.106645143,0.111998346,0.163155437,7.8238477,7.168154582,4.707094658,0.06,22.828649,0.35014283,60.99261836,355.3864746,702.7446289,511.6821289,347.3581543,0.494287882,3,137.795,80.266,111938.511,86.532,62.61,74486.996,1.502792662,20.301,8.818,19853.712,30.864,7.272,16497.454,23.721,42.333,8.691856544,3.340638036
1072,1072B,B,5,CGN17374,napus,hybrid,0.000134557,0.000216604,1.609756098,478,335,203,1468,796,373,520,240,92,276.3006538,205.3726947,140.9163108,0.038064463,0.076691014,0.184576625,22.73028487,10.50848308,4.065435705,0.13,17.99885,0.37428544,39.55618553,353.9882813,652.4458008,520.6591797,298.4575195,0.457444157,NA,NA,NA,NA,NA,NA,NA,NA,NA,NA,NA,NA,NA,NA,33.429,38.24,6.613878173,2.993185406
1085,1085B,B,5,CGN07145,rapa,parent,0.000147684,0.000206758,1.4,266,276,280,541,495,471,148,125,104,165.4166254,162.1825741,153.2772607,0.116874581,0.131721895,0.147019511,6.455002809,5.433580688,4.561040167,0.51,29.035072,0.45501986,51.67080658,NA,NA,NA,3.540771484,NA,NA,NA,NA,NA,NA,NA,NA,NA,NA,NA,NA,NA,NA,NA,88.272,65.723,6.995292775,3.205858257
1096,1096B,B,5,PI 633094,juncea,hybrid,9.19E-05,0.000193631,2.107142857,206,243,211,642,547,510,224,159,159,254.2029209,238.2630841,232.0116327,0.159031233,0.215645745,0.217719129,5.050886945,3.578270022,3.568595287,1.11,34.546173,0.56192411,123.534026,306.6835938,723.5285645,452.7263184,416.8449707,0.57612787,3,170.488,131.687,154704.36,131.687,83.48,112806.348,1.371415375,56.437,9.406,21611.159,25.867,5.879,22614.304,91.892,NA,9.972740018,3.770895776
1101,1101B,B,5,CGN07129,oleracea,parent,0.000183785,0.000249422,1.357142857,466,294,291,1425,1131,995,512,429,NA,404.8766931,341.189575,329.54259,0.07255312,0.087483535,0.102699089,11.51626516,9.697869802,8.216632316,0.28,19.28373,0.27964905,45.22799188,339.8969727,629.0698242,485.8010254,289.1728516,0.459683235,4,106.996,79.953,99954.431,94.062,56.437,70795.579,1.411873911,12.93,7.937,13739.195,11.758,4.409,12611.629,40.801,42.243,6.613317137,3.313786991
1113,1113B,B,5,CGN06619,nigra,parent,5.25E-05,0.000131275,2.5,204,201,192,461,485,449,133,148,140,219.2795597,226.6176594,222.5489838,0.246481696,0.235437294,0.248834207,3.024766268,3.333298701,3.172134057,0.15,26.088011,0.42636715,58.96740007,269.2497559,542.4401855,371.9521484,273.1904297,0.503632358,3,123.485,107.674,118976.855,59.971,28.232,49530.466,2.4020944,30.915,10.582,20312.515,31.795,7.937,18967.212,18.007,32.495,7.657656108,3.230455379
1140,1140B,B,5,PI 470241,juncea,hybrid,9.85E-05,0.000187067,1.9,225,208,185,525,453,375,157,128,107,234.5664559,218.9127227,201.9991502,0.215763997,0.263173869,0.294313631,3.523707296,2.886203215,2.400888973,0.12,26.969667,0.44241413,46.00127881,544.7246094,1129.446533,794.1932983,584.7219238,0.517706599,3,181.07,144.621,165931.027,90.535,64.668,74300.365,2.233246458,37.625,8.23,19104.075,27.043,9.406,14598.478,33.736,43.947,7.566280537,3.32512624
1143,1143B,B,5,PI 173857,juncea,hybrid,0.000101738,0.000131275,1.290322581,208,216,196,552,488,454,184,146,132,239.7499756,224.796219,214.4775854,0.191093749,0.242838878,0.283262898,4.132887826,3.286989291,2.957271829,0.2,29.83047,0.58628081,80.64397266,551.984375,1250.374268,862.9972534,698.3898926,0.558544678,4,165.785,134.039,147792.771,81.129,54.086,59131.883,2.499375354,45.855,7.643,15934.449,23.81,9.7,13171.524,29.347,43.805,8.086150657,3.196465155
1157,1157B,B,5,CGN06620,nigra,parent,6.24E-05,0.000177221,2.842105263,306,361,314,602,651,509,163,164,105,180.1300435,186.9861594,162.7614456,0.10648161,0.105534611,0.15938603,7.154468954,7.159899277,4.617466173,0.15,25.399707,0.36990328,240.0570076,357.9401855,775.1230469,550.8918457,417.1828613,0.538215014,3,114.051,74.074,103564.974,79.953,54.086,61189.496,1.692528633,32.114,7.05,18456.308,23.516,5.879,14988.849,26.217,39.654,7.744537825,2.969112715
1163,1163B,B,5,CGN07143 ,rapa,parent,0.000111584,0.000173939,1.558823529,230,210,155.953125,410,411,341.46875,113,106,96.84375,195.7142468,183.108768,204.0885166,0.219048223,0.258688619,0.393021784,3.525562846,2.961942708,1.924882562,0.21,12.888196,0.10580698,44.40781522,485.0905762,864.366333,676.6536255,379.2757568,0.438790525,NA,NA,NA,NA,NA,NA,NA,NA,NA,NA,NA,NA,NA,NA,36.785,39.336,6.485669518,3.152182572
1166,1166B,B,5,CGN06709 ,rapa,parent,0.000101738,0.000229731,2.258064516,271,362,198,735,853,584,241,260,196,193.2238293,213.1678829,171.7683989,0.080611714,0.072205848,0.097868633,10.46985003,11.33905236,8.66239154,0.25,25.77205,0.2902236,76.40914593,518.1308594,977.7415771,693.5458984,459.6107178,0.47007382,3,138.459,102.297,118517.274,112.906,78.488,103887.691,1.140821139,39.722,6.173,27358.634,42.411,7.272,22795.492,39.376,47.021,7.493350772,3.161282852
1184,1184B,B,5,CGN14031,oleracea,parent,0.000147684,0.000216604,1.466666667,315,245,141,772,511,361,239,137,112,299.8032689,243.8774815,201.9441452,0.184327499,0.314992506,0.379904647,4.520783691,2.470827479,2.178453302,0.27,20.36891,0.33729012,NA,374.3852539,754.534668,580.0144043,380.1494141,0.43062369,NA,NA,NA,NA,NA,NA,NA,NA,NA,NA,NA,NA,NA,NA,42.636,38.187,5.84826865,2.85631792
1191,1191B,B,5,CGN03969,carinata,hybrid,0.000111584,0.000144402,1.294117647,202,259,201,624,718,548,214,237,174,243.7658427,281.5044798,248.0126848,0.174044834,0.174844332,0.243415999,5.006730398,4.650226331,3.490428545,0.35,NA,NA,NA,NA,NA,NA,NA,NA,NA,NA,NA,NA,NA,NA,NA,NA,NA,NA,NA,NA,NA,NA,60.831,72.837,9.338767686,3.5317861
1196,1196B,B,5,CGN06627,nigra,parent,8.86E-05,0.000131275,1.481481481,251,328,254,961,891,829,358,308,301,309.7242298,308.2752938,287.152742,0.104857335,0.112406034,0.123174664,8.039095858,6.914543042,6.760865412,NA,24.835506,0.19523127,102.087844,NA,NA,NA,4.90234375,NA,4,146.97,132.863,139105.848,112.881,71.723,88448.594,1.572731026,37.625,7.05,16177.847,17.64,7.05,12554.862,55.501,80.838,10.85088488,NA
1198,1198B,B,5,PI120923,juncea,hybrid,6.89E-05,0.000137839,2,153,160,189,351,356,388,109,103,105,133.2431876,131.0170166,137.8388514,0.1693229,0.177554786,0.169519436,4.749431354,4.484692581,4.565812069,0.79,20.418675,0.24327584,54.26117513,501.7019043,1055.622681,832.5480957,553.9207764,0.524733682,NA,NA,NA,NA,NA,NA,NA,NA,NA,NA,NA,NA,NA,NA,39.867,59.563,9.433433355,3.741606573
1208,1208B,B,5,CGN03952,carinata,hybrid,8.86E-05,0.000127993,1.444444444,325,NA,155,776,NA,333,235,NA,93,300.2149144,NA,178.0752123,0.189785086,NA,0.33569865,4.437484605,NA,2.193574437,0.3,27.325402,0.37630359,63.79408185,604.5129395,1239.46814,868.9136353,634.9552002,0.512280372,2,145.99,113.642,135230.907,110.002,61.321,81986.04,1.649438209,36.981,9.054,21779.888,18.041,7.263,14403.052,72.714,61.927,7.262247129,3.076789715
1210,1210B,B,5,CGN03976,carinata,hybrid,0.000164094,0.000187067,1.14,315,216,272,940,636,808,337,217,281,150.6481328,128.9959116,119.5366111,0.024066281,0.042611641,0.021607092,NA,19.8278481,NA,0.31,27.32857,0.42833757,137.9357215,301.4719238,602.411377,412.3991699,300.9394531,0.499558051,5,216.138,182.616,187521.19,100.529,85.529,98875.078,1.89654657,60.847,15.971,31413.983,39.771,10.582,26741.973,54,48.833,6.645329589,3.246598024
1219,1219B,B,5,CGN06897,napus,hybrid,4.59E-05,0.000121429,2.642857143,161,136,188,331,281,269,101,82,68,192.7581272,178.0565219,173.3297095,0.326884318,0.396382989,0.402758867,2.268596035,1.841357152,1.526191695,0.83,20.051832,0.1981254,58.17017582,NA,NA,NA,4.328125,NA,4,204.586,138.742,189343.181,164.609,96.414,124852.639,1.516533271,62.316,11.758,23307.174,28.22,15.29,16474.125,114.984,61.237,5.710776979,NA
1222,1222B,B,5,CGN14070,oleracea,parent,7.88E-05,0.000150966,1.916666667,190,155,191,378,314,413,101,85,116,141.573437,129.7855161,146.0590409,0.172286944,0.208194088,0.156754438,4.459314652,3.827240002,5.048849383,0.06,27.423702,0.34470984,59.83723328,509.1691895,989.3776245,672.5231323,480.2084351,0.485364155,NA,NA,NA,NA,NA,NA,NA,NA,NA,NA,NA,NA,NA,NA,26.372,27.55,5.36475718,3.61044577
1231,1231B,B,5,Ames 2795 ,rapa,parent,0.000124711,0.000167376,1.342105263,211,201,127,697,545,285,260,178,81,273.7083732,264.0700902,182.1320512,0.151597584,0.266809224,0.46498895,5.450014747,3.143853004,1.562322224,0.17,22.694579,0.45830498,81.57357647,396.1630859,795.6689453,563.7729492,399.5058594,0.502100606,3,129.633,118.166,121092.012,95.275,68.789,82652.906,1.4650666,22.046,5.646,16300.713,25.588,6.173,16040.984,48.848,50.772,7.264418871,2.991888185
1232,1232B,B,5,CGN14113,napus,hybrid,8.86E-05,0.000164094,1.851851852,127,318,213,407,795,469,143,247,133,77.38517379,206.2598069,159.3272794,0.037879467,0.077272048,0.133249243,22.54238316,10.9134607,5.813216504,0.15,22.062624,0.27820993,NA,430.0461426,762.9482422,562.838623,332.9020996,0.436336413,NA,NA,NA,NA,NA,NA,NA,NA,NA,NA,NA,NA,NA,NA,28.992,36.892,6.851617532,3.660965385
1249,1249B,B,5,CGN07230,napus,hybrid,NA,NA,NA,NA,163,110,NA,308,198,NA,79,48,NA,201.602275,161.3825506,NA,0.499895208,NA,NA,1.395305547,0.846723253,NA,NA,NA,NA,NA,NA,NA,NA,NA,NA,NA,NA,NA,NA,NA,NA,NA,NA,NA,NA,NA,NA,NA,NA,NA,NA,NA